0	21	21.0	21.0
1	25	23.0	23.0
2	27	24.333333333333332	24.333333333333332
3	18	22.75	22.75
4	18	21.8	21.8
5	12	20.166666666666668	20.166666666666668
6	24	20.714285714285715	20.714285714285715
7	15	20.0	20.0
8	21	20.11111111111111	20.11111111111111
9	36	21.7	21.7
10	14	21.0	21.0
11	23	21.166666666666668	21.166666666666668
12	14	20.615384615384617	20.615384615384617
13	21	20.642857142857142	20.642857142857142
14	31	21.333333333333332	21.333333333333332
15	92	25.75	25.75
16	17	25.235294117647058	25.235294117647058
17	21	25.0	25.0
18	14	24.42105263157895	24.42105263157895
19	19	24.15	24.15
20	27	24.285714285714285	24.285714285714285
21	24	24.272727272727273	24.272727272727273
22	25	24.304347826086957	24.304347826086957
23	12	23.791666666666668	23.791666666666668
24	21	23.68	23.68
25	29	23.884615384615383	23.884615384615383
26	19	23.703703703703702	23.703703703703702
27	27	23.821428571428573	23.821428571428573
28	19	23.655172413793103	23.655172413793103
29	19	23.5	23.5
30	17	23.29032258064516	23.29032258064516
31	35	23.65625	23.65625
32	17	23.454545454545453	23.454545454545453
33	14	23.176470588235293	23.176470588235293
34	24	23.2	23.2
35	13	22.916666666666668	22.916666666666668
36	11	22.594594594594593	22.594594594594593
37	10	22.263157894736842	22.263157894736842
38	10	21.94871794871795	21.94871794871795
39	28	22.1	22.1
40	13	21.878048780487806	21.878048780487806
41	19	21.80952380952381	21.80952380952381
42	13	21.6046511627907	21.6046511627907
43	17	21.5	21.5
44	14	21.333333333333332	21.333333333333332
45	21	21.32608695652174	21.32608695652174
46	33	21.574468085106382	21.574468085106382
47	8	21.291666666666668	21.291666666666668
48	26	21.387755102040817	21.387755102040817
49	20	21.36	21.36
50	9	21.11764705882353	21.11764705882353
51	12	20.942307692307693	20.942307692307693
52	11	20.754716981132077	20.754716981132077
53	12	20.59259259259259	20.59259259259259
54	9	20.381818181818183	20.381818181818183
55	12	20.232142857142858	20.232142857142858
56	11	20.07017543859649	20.07017543859649
57	12	19.93103448275862	19.93103448275862
58	11	19.779661016949152	19.779661016949152
59	8	19.583333333333332	19.583333333333332
60	14	19.491803278688526	19.491803278688526
61	10	19.338709677419356	19.338709677419356
62	18	19.317460317460316	19.317460317460316
63	11	19.1875	19.1875
64	10	19.046153846153846	19.046153846153846
65	19	19.045454545454547	19.045454545454547
66	29	19.19402985074627	19.19402985074627
67	61	19.808823529411764	19.808823529411764
68	74	20.594202898550726	20.594202898550726
69	79	21.428571428571427	21.428571428571427
70	51	21.845070422535212	21.845070422535212
71	127	23.305555555555557	23.305555555555557
72	54	23.726027397260275	23.726027397260275
73	201	26.12162162162162	26.12162162162162
74	76	26.786666666666665	26.786666666666665
75	69	27.342105263157894	27.342105263157894
76	201	29.5974025974026	29.5974025974026
77	69	30.102564102564102	30.102564102564102
78	72	30.632911392405063	30.632911392405063
79	123	31.7875	31.7875
80	88	32.48148148148148	32.48148148148148
81	115	33.48780487804878	33.48780487804878
82	201	35.506024096385545	35.506024096385545
83	201	37.476190476190474	37.476190476190474
84	201	39.4	39.4
85	201	41.27906976744186	41.27906976744186
86	201	43.11494252873563	43.11494252873563
87	201	44.90909090909091	44.90909090909091
88	201	46.662921348314605	46.662921348314605
89	201	48.37777777777778	48.37777777777778
90	201	50.05494505494506	50.05494505494506
91	201	51.69565217391305	51.69565217391305
92	201	53.30107526881721	53.30107526881721
93	201	54.87234042553192	54.87234042553192
94	201	56.410526315789475	56.410526315789475
95	201	57.916666666666664	57.916666666666664
96	201	59.391752577319586	59.391752577319586
97	201	60.83673469387755	60.83673469387755
98	201	62.25252525252525	62.25252525252525
99	201	63.64	63.64
100	201	65.0	65.44
101	201	66.33333333333333	67.2
102	201	67.64077669902913	68.94
103	201	68.92307692307692	70.77
104	201	70.18095238095238	72.6
105	201	71.41509433962264	74.49
106	201	72.62616822429906	76.26
107	201	73.81481481481481	78.12
108	201	74.98165137614679	79.92
109	201	76.12727272727273	81.57
110	201	77.25225225225225	83.44
111	201	78.35714285714286	85.22
112	201	79.4424778761062	87.09
113	201	80.50877192982456	88.89
114	201	81.55652173913043	90.59
115	201	82.58620689655173	91.68
116	201	83.5982905982906	93.52
117	201	84.59322033898304	95.32
118	201	85.57142857142857	97.19
119	201	86.53333333333333	99.01
120	201	87.47933884297521	100.75
121	201	88.40983606557377	102.52
122	201	89.32520325203252	104.28
123	201	90.2258064516129	106.17
124	201	91.112	107.97
125	201	91.98412698412699	109.69
126	201	92.84251968503936	111.51
127	201	93.6875	113.25
128	201	94.51937984496124	115.07
129	201	95.33846153846154	116.89
130	201	96.14503816793894	118.73
131	201	96.93939393939394	120.39
132	201	97.7218045112782	122.23
133	201	98.49253731343283	124.1
134	201	99.25185185185185	125.87
135	201	100.0	127.75
136	201	100.73722627737226	129.65
137	201	101.46376811594203	131.56
138	201	102.17985611510791	133.47
139	201	102.88571428571429	135.2
140	201	103.58156028368795	137.08
141	201	104.26760563380282	138.9
142	201	104.94405594405595	140.78
143	201	105.61111111111111	142.62
144	201	106.26896551724138	144.49
145	201	106.91780821917808	146.29
146	201	107.5578231292517	147.97
147	201	108.1891891891892	149.9
148	201	108.81208053691275	151.65
149	201	109.42666666666666	153.46
150	201	110.03311258278146	155.38
151	201	110.63157894736842	157.27
152	201	111.22222222222223	159.17
153	201	111.8051948051948	161.06
154	201	112.38064516129032	162.98
155	201	112.94871794871794	164.87
156	201	113.50955414012739	166.77
157	201	114.0632911392405	168.66
158	201	114.61006289308176	170.56
159	201	115.15	172.49
160	201	115.6832298136646	174.36
161	201	116.20987654320987	176.27
162	201	116.73006134969326	178.1
163	201	117.2439024390244	180.0
164	201	117.75151515151515	181.91
165	201	118.25301204819277	183.73
166	201	118.74850299401197	185.45
167	201	119.23809523809524	186.85
168	201	119.72189349112426	188.12
169	201	120.2	189.34
170	188	120.59649122807018	190.71
171	172	120.8953488372093	191.16
172	200	121.35260115606937	192.62
173	201	121.8103448275862	192.62
174	201	122.26285714285714	193.87
175	201	122.71022727272727	195.19
176	201	123.15254237288136	195.19
177	190	123.52808988764045	196.4
178	155	123.70391061452514	197.23
179	153	123.86666666666666	197.53
180	149	124.00552486187846	198.14
181	201	124.42857142857143	199.0
182	169	124.67213114754098	198.68
183	187	125.01086956521739	198.54
184	156	125.17837837837838	198.09
185	189	125.52150537634408	197.97
186	143	125.61497326203208	197.39
187	154	125.76595744680851	196.92
188	185	126.07936507936508	196.76
189	201	126.47368421052632	196.76
190	170	126.70157068062828	196.45
191	147	126.80729166666667	195.91
192	156	126.95854922279793	195.46
193	145	127.05154639175258	194.9
194	201	127.43076923076923	194.9
195	201	127.8061224489796	194.9
196	164	127.98984771573605	194.53
197	201	128.35858585858585	194.53
198	201	128.72361809045225	194.53
199	165	128.905	194.17
